GOCCID	Pvalue	OddsRatio	ExpCount	Count	Size	Term	GENEID_list	GENENAME_list
GO:0000151	0.0129638558560293	12.8431001890359	0.174799708667152	2	25	ubiquitin ligase complex	ENSXMAG00000000885,ENSXMAG00000013613	rnf2,cul4b
GO:0005622	0.0417621372797468	1.77387387387387	26.6184996358339	33	3807	intracellular anatomical structure	ENSXMAG00000001595,ENSXMAG00000001886,ENSXMAG00000002019,ENSXMAG00000002884,ENSXMAG00000004017,ENSXMAG00000004678,ENSXMAG00000005732,ENSXMAG00000008569,ENSXMAG00000009678,ENSXMAG00000011378,ENSXMAG00000011901,ENSXMAG00000012446,ENSXMAG00000015514,ENSXMAG00000018642,ENSXMAG00000000363,ENSXMAG00000000885,ENSXMAG00000002103,ENSXMAG00000004561,ENSXMAG00000004577,ENSXMAG00000005940,ENSXMAG00000008498,ENSXMAG00000011630,ENSXMAG00000014531,ENSXMAG00000016194,ENSXMAG00000019117,ENSXMAG00000020128,ENSXMAG00000005931,ENSXMAG00000008189,ENSXMAG00000011705,ENSXMAG00000002218,ENSXMAG00000002966,ENSXMAG00000008742,ENSXMAG00000012094	bsx,pcnp,bnip3la,lta4h,fosab,ctnnbl1,noto,eif3ha,smarca5,kif1b,hdx,camk2d2,alkbh5,ptbp2b,kdm6bb,rnf2,cyp1d1,phc2a,pim3,ptcd2,DENND4C,xpo6,enkd1,ptgis,PRKD3,sox2,mib1,TEAD3,GALNT3,atf1,FRMD5,AARS2,flcn
GO:0005634	0.0180390088700771	2.0209289435761	10.2922068463219	17	1472	nucleus	ENSXMAG00000001595,ENSXMAG00000001886,ENSXMAG00000004017,ENSXMAG00000004678,ENSXMAG00000005732,ENSXMAG00000009678,ENSXMAG00000011901,ENSXMAG00000015514,ENSXMAG00000018642,ENSXMAG00000000363,ENSXMAG00000000885,ENSXMAG00000004561,ENSXMAG00000011630,ENSXMAG00000020128,ENSXMAG00000008189,ENSXMAG00000002218,ENSXMAG00000012094	bsx,pcnp,fosab,ctnnbl1,noto,smarca5,hdx,alkbh5,ptbp2b,kdm6bb,rnf2,phc2a,xpo6,sox2,TEAD3,atf1,flcn
