GOBPID	Pvalue	OddsRatio	ExpCount	Count	Size	Term	GENEID_list	GENENAME_list
GO:0006072	0.00565929524992781	251.5	0.00567054153671676	1	5	glycerol-3-phosphate metabolic process	ENSXMAG00000017239	gpd1a
GO:0007605	0.0180111976589784	66.9619047619048	0.0181457329174936	1	16	sensory perception of sound	ENSXMAG00000007951	MYO6
GO:0046168	0.00339894912166427	503.142857142857	0.00340232492203005	1	3	glycerol-3-phosphate catabolic process	ENSXMAG00000017239	gpd1a
GO:0046434	0.0224693932682584	52.8345864661654	0.022682166146867	1	20	organophosphate catabolic process	ENSXMAG00000017239	gpd1a
GO:0050954	0.0224693932682584	52.8345864661654	0.022682166146867	1	20	sensory perception of mechanical stimulus	ENSXMAG00000007951	MYO6
GO:0052646	0.00565929524992781	251.5	0.00567054153671676	1	5	alditol phosphate metabolic process	ENSXMAG00000017239	gpd1a
GO:1901136	0.0280172259592594	41.7976190476191	0.0283527076835838	1	25	carbohydrate derivative catabolic process	ENSXMAG00000017239	gpd1a
