GOCCID	Pvalue	OddsRatio	ExpCount	Count	Size	Term	GENEID_list	GENENAME_list
GO:0005615	0.00286471604963305	5.65940560621412	0.980626365622724	5	99	extracellular space	ENSXMAG00000006884,ENSXMAG00000010612,ENSXMAG00000010570,ENSXMAG00000016580,ENSXMAG00000016621	serpinf1,prss1,ctrl,ela2,ela2l
GO:0005777	0.0351879932131291	7.32575757575758	0.297159504734159	2	30	peroxisome	ENSXMAG00000011846,ENSXMAG00000010131	acox3,hao1
GO:0005882	0.028935829204349	8.20848484848485	0.267443554260743	2	27	intermediate filament	ENSXMAG00000018192,ENSXMAG00000003304	KRT222,prph
GO:0031984	0.0287476582266167	2.76311360448808	2.33765477057538	6	236	organelle subcompartment	ENSXMAG00000009569,ENSXMAG00000006704,ENSXMAG00000014025,ENSXMAG00000018283,ENSXMAG00000005387,ENSXMAG00000011221	TMED6,pomt1,SERP1,rtn1b,ARHGEF38,ESYT1
GO:0032798	0.00990531682447193	Inf	0.00990531682447196	1	1	Swi5-Sfr1 complex	ENSXMAG00000012931	sfr1
GO:0033061	0.00990531682447193	Inf	0.00990531682447196	1	1	DNA recombinase mediator complex	ENSXMAG00000012931	sfr1
GO:0042579	0.0351879932131291	7.32575757575758	0.297159504734159	2	30	microbody	ENSXMAG00000011846,ENSXMAG00000010131	acox3,hao1
GO:0045111	0.028935829204349	8.20848484848485	0.267443554260743	2	27	intermediate filament cytoskeleton	ENSXMAG00000018192,ENSXMAG00000003304	KRT222,prph
