GOCCID	Pvalue	OddsRatio	ExpCount	Count	Size	Term	GENEID_list	GENENAME_list
GO:0016020	0.018721144761282	2.61072862880092	13.2745812090313	19	3505	membrane	ENSXMAG00000008929,ENSXMAG00000003777,ENSXMAG00000006813,ENSXMAG00000010211,ENSXMAG00000010709,ENSXMAG00000012928,ENSXMAG00000017842,ENSXMAG00000000979,ENSXMAG00000001463,ENSXMAG00000001566,ENSXMAG00000002457,ENSXMAG00000006054,ENSXMAG00000006831,ENSXMAG00000010289,ENSXMAG00000014252,ENSXMAG00000014400,ENSXMAG00000016943,ENSXMAG00000018167,ENSXMAG00000018609	tnfrsf21,fads2,slco2b1,TACR1,slc47a1,ENPP7,igsf8,SDR42E2,slc17a8,olfcw1,fam163ab,IGSF9B,PGAP2,lhfpl5b,chrm5a,CHRM3,ghrhra,plaat1,OSBPL5
GO:0045211	0.0299752252614082	8.05833333333333	0.272687545520757	2	72	postsynaptic membrane	ENSXMAG00000014252,ENSXMAG00000014400	chrm5a,CHRM3
GO:0097060	0.0323195367264691	7.72374429223744	0.284049526584122	2	75	synaptic membrane	ENSXMAG00000014252,ENSXMAG00000014400	chrm5a,CHRM3
GO:0098794	0.0478062990490854	6.17948717948718	0.352221412964312	2	93	postsynapse	ENSXMAG00000014252,ENSXMAG00000014400	chrm5a,CHRM3
