GOCCID	Pvalue	OddsRatio	ExpCount	Count	Size	Term	GENEID_list	GENENAME_list
GO:0005829	0.0156128603570011	12.1530153015302	0.195047341587764	2	103	cytosol	ENSXMAG00000000178,ENSXMAG00000017354	hbba2,hbae4
GO:0005833	3.31060054293849e-06	Inf	0.00378732702112163	2	2	hemoglobin complex	ENSXMAG00000000178,ENSXMAG00000017354	hbba2,hbae4
GO:0032153	0.0150569078770265	81.4880952380952	0.0151493080844865	1	8	cell division site	ENSXMAG00000000353	vamp2
GO:0032154	0.0150569078770265	81.4880952380952	0.0151493080844865	1	8	cleavage furrow	ENSXMAG00000000353	vamp2
GO:0098590	0.0315921447596161	8.23587223587224	0.284049526584122	2	150	plasma membrane region	ENSXMAG00000000353,ENSXMAG00000010024	vamp2,CHRNA6
