GOCCID	Pvalue	OddsRatio	ExpCount	Count	Size	Term	GENEID_list	GENENAME_list
GO:0005576	0.0167495907176998	7.06596209912536	0.575382374362709	3	395	extracellular region	ENSXMAG00000017196,ENSXMAG00000017343,ENSXMAG00000020028	serpini1,dand5,ucn3l
GO:0005615	0.00859190008541684	17.4175257731959	0.144209759650401	2	99	extracellular space	ENSXMAG00000017196,ENSXMAG00000020028	serpini1,ucn3l
