GOCCID	Pvalue	OddsRatio	ExpCount	Count	Size	Term	GENEID_list	GENENAME_list
GO:0000775	0.0399373890744115	28.4416666666667	0.0406409322651129	1	31	chromosome, centromeric region	ENSXMAG00000009241	STAG1
GO:0000793	0.0424646075001541	26.65625	0.0432629278951202	1	33	condensed chromosome	ENSXMAG00000009241	STAG1
GO:0005765	0.0462443481533056	24.3607142857143	0.0471959213401311	1	36	lysosomal membrane	ENSXMAG00000019356	sec13
GO:0008278	0.00784309849678688	171.275	0.00786598689002185	1	6	cohesin complex	ENSXMAG00000009241	STAG1
GO:0070971	0.00131099781500332	Inf	0.00131099781500364	1	1	endoplasmic reticulum exit site	ENSXMAG00000019356	sec13
GO:0098852	0.0462443481533056	24.3607142857143	0.0471959213401311	1	36	lytic vacuole membrane	ENSXMAG00000019356	sec13
