GOCCID	Pvalue	OddsRatio	ExpCount	Count	Size	Term	GENEID_list	GENENAME_list
GO:0008076	0.0374042434308983	30.4821428571429	0.0380189366351056	1	29	voltage-gated potassium channel complex	ENSXMAG00000020119	KCNA1
GO:0034705	0.0374042434308983	30.4821428571429	0.0380189366351056	1	29	potassium channel complex	ENSXMAG00000020119	KCNA1
