GOMFID	Pvalue	OddsRatio	ExpCount	Count	Size	Term	GENEID_list	GENENAME_list
GO:0004806	0.00246517821682368	674.916666666667	0.00246700382385593	1	5	triglyceride lipase activity	ENSXMAG00000003849	PNPLA2
GO:0005319	0.0161860550159091	84.0729166666667	0.0162822252374491	1	33	lipid transporter activity	ENSXMAG00000017870	vtg3
GO:0005520	0.00394209567984882	385.52380952381	0.00394720611816948	1	8	insulin-like growth factor binding	ENSXMAG00000006325	igfbp1a
GO:0016298	0.0234780356875383	57.1347517730496	0.0236832367090169	1	48	lipase activity	ENSXMAG00000003849	PNPLA2
GO:0019838	0.00492579579452634	299.777777777778	0.00493400764771185	1	10	growth factor binding	ENSXMAG00000006325	igfbp1a
GO:0031994	0.0014796545220922	1350.16666666667	0.00148020229431356	1	3	insulin-like growth factor I binding	ENSXMAG00000006325	igfbp1a
GO:0031995	0.0014796545220922	1350.16666666667	0.00148020229431356	1	3	insulin-like growth factor II binding	ENSXMAG00000006325	igfbp1a
GO:0045735	0.000493400764771001	Inf	0.000493400764771185	1	1	nutrient reservoir activity	ENSXMAG00000017870	vtg3
GO:0052689	0.0200801744088459	67.1916666666667	0.0202294313556186	1	41	carboxylic ester hydrolase activity	ENSXMAG00000003849	PNPLA2
