GOCCID	Pvalue	OddsRatio	ExpCount	Count	Size	Term	GENEID_list	GENENAME_list
GO:0000178	0.0344670029747219	34.974358974359	0.0349599417334304	1	6	exosome (RNase complex)	ENSXMAG00000015111	exosc3
GO:0000938	0.0173808361562998	87.474358974359	0.0174799708667152	1	3	GARP complex	ENSXMAG00000008431	vps53
GO:0005853	0.0173808361562998	87.474358974359	0.0174799708667152	1	3	eukaryotic translation elongation factor 1 complex	ENSXMAG00000006050	eef1b2
GO:0016514	0.0344670029747219	34.974358974359	0.0349599417334304	1	6	SWI/SNF complex	ENSXMAG00000016961	SMARCD2
GO:0031984	0.0473222124030516	3.15756704980843	1.37509104151493	4	236	organelle subcompartment	ENSXMAG00000013122,ENSXMAG00000009831,ENSXMAG00000016036,ENSXMAG00000009349	tmem214,psen2,pigf,atp7a
GO:0032039	0.0400977537956889	29.1410256410256	0.0407865986890022	1	7	integrator complex	ENSXMAG00000009336	INTS1
GO:1905354	0.0344670029747219	34.974358974359	0.0349599417334304	1	6	exoribonuclease complex	ENSXMAG00000015111	exosc3
