GOCCID	Pvalue	OddsRatio	ExpCount	Count	Size	Term	GENEID_list	GENENAME_list
GO:0005886	0.0133932871017185	3.37981859410431	2.71944646758922	7	889	plasma membrane	ENSXMAG00000008720,ENSXMAG00000004252,ENSXMAG00000007306,ENSXMAG00000019407,ENSXMAG00000005433,ENSXMAG00000019019,ENSXMAG00000019897	SLC34A1,xkr6b,cldn8.2,aqp3a,ltb4r2b,stac3,KCNA1
GO:0009986	0.0212266494408128	56.9833333333333	0.0214129643117261	1	7	cell surface	ENSXMAG00000005433	ltb4r2b
GO:0016324	0.0390787188090483	28.4666666666667	0.0397669337217771	1	13	apical plasma membrane	ENSXMAG00000008720	SLC34A1
GO:0030018	0.0449601818284178	24.3928571428571	0.0458849235251275	1	15	Z disc	ENSXMAG00000009661	trim55b
GO:0031674	0.0478880411250021	22.7633333333333	0.0489439184268026	1	16	I band	ENSXMAG00000009661	trim55b
GO:0042383	0.0478880411250021	22.7633333333333	0.0489439184268026	1	16	sarcolemma	ENSXMAG00000019019	stac3
GO:0045177	0.0390787188090483	28.4666666666667	0.0397669337217771	1	13	apical part of cell	ENSXMAG00000008720	SLC34A1
GO:0071944	0.0189486989410716	3.1288441145281	2.90604515659141	7	950	cell periphery	ENSXMAG00000008720,ENSXMAG00000004252,ENSXMAG00000007306,ENSXMAG00000019407,ENSXMAG00000005433,ENSXMAG00000019019,ENSXMAG00000019897	SLC34A1,xkr6b,cldn8.2,aqp3a,ltb4r2b,stac3,KCNA1
