GOMFID	Pvalue	OddsRatio	ExpCount	Count	Size	Term	GENEID_list	GENENAME_list
GO:0000981	0.0241535073170339	9.46785714285714	0.245220180091279	2	142	DNA-binding transcription factor activity, RNA polymerase II-specific	ENSXMAG00000008771,ENSXMAG00000015303	pou1f1,otx2b
GO:0003700	0.0167204808761615	6.58187464709204	0.561243369927223	3	325	DNA-binding transcription factor activity	ENSXMAG00000003274,ENSXMAG00000008771,ENSXMAG00000015303	foxb1a,pou1f1,otx2b
GO:0004888	0.0371689596691986	4.76650062266501	0.761564080424325	3	441	transmembrane signaling receptor activity	ENSXMAG00000015414,ENSXMAG00000019994,ENSXMAG00000020171	rrh,opn4.1,DRD5
GO:0004930	0.010645171179903	7.84191176470588	0.474898236092266	3	275	G protein-coupled receptor activity	ENSXMAG00000015414,ENSXMAG00000019994,ENSXMAG00000020171	rrh,opn4.1,DRD5
GO:0005242	0.0256145986106766	44.3901098901099	0.0259035401504872	1	15	inward rectifier potassium channel activity	ENSXMAG00000011278	KCNJ3
GO:0009881	0.000465705743924114	79.1764705882353	0.0328111508572838	2	19	photoreceptor activity	ENSXMAG00000015414,ENSXMAG00000019994	rrh,opn4.1
GO:0015467	0.0034510358326979	622.461538461538	0.0034538053533983	1	2	G-protein activated inward rectifier potassium channel activity	ENSXMAG00000011278	KCNJ3
GO:0042910	0.0137379040706618	88.8571428571429	0.0138152214135932	1	8	xenobiotic transmembrane transporter activity	ENSXMAG00000019856	slc18a3b
GO:0140110	0.0249452673117007	5.61309090909091	0.652769211792278	3	378	transcription regulator activity	ENSXMAG00000003274,ENSXMAG00000008771,ENSXMAG00000015303	foxb1a,pou1f1,otx2b
