GOCCID	Pvalue	OddsRatio	ExpCount	Count	Size	Term	GENEID_list	GENENAME_list
GO:0005576	0.00171714345035732	11.0213128729753	0.575382374362709	4	395	extracellular region	ENSXMAG00000001408,ENSXMAG00000005745,ENSXMAG00000010153,ENSXMAG00000020158	ENPP2,lgi2b,mmp9,crhb
GO:0008076	0.0414758999274712	27.0912698412698	0.0422432629278951	1	29	voltage-gated potassium channel complex	ENSXMAG00000015430	kcnv2b
GO:0016442	0.0358487094822697	31.625	0.0364166059723234	1	25	RISC complex	ENSXMAG00000020613	MIR137
GO:0031332	0.0358487094822697	31.625	0.0364166059723234	1	25	RNAi effector complex	ENSXMAG00000020613	MIR137
GO:0034705	0.0414758999274712	27.0912698412698	0.0422432629278951	1	29	potassium channel complex	ENSXMAG00000015430	kcnv2b
GO:1902560	0.00291141851593424	761.555555555556	0.00291332847778587	1	2	GMP reductase complex	ENSXMAG00000003617	gmpr
GO:1990204	0.0358487094822697	31.625	0.0364166059723234	1	25	oxidoreductase complex	ENSXMAG00000003617	gmpr
