GOMFID	Pvalue	OddsRatio	ExpCount	Count	Size	Term	GENEID_list	GENENAME_list
GO:0004332	0.00639997957590155	224.75	0.00641420994202541	1	4	fructose-bisphosphate aldolase activity	ENSXMAG00000011729	aldoca
GO:0004415	0.0111751286496038	112.333333333333	0.0112248673985445	1	7	hyalurononglucosaminidase activity	ENSXMAG00000019362	si:dkey-72l14.3
GO:0004984	0.0111751286496038	112.333333333333	0.0112248673985445	1	7	olfactory receptor activity	ENSXMAG00000020197	or70b1
GO:0015929	0.0159290862664709	74.8611111111111	0.0160355248550635	1	10	hexosaminidase activity	ENSXMAG00000019362	si:dkey-72l14.3
GO:0016830	0.0470869111416016	23.1752873563218	0.0481065745651906	1	30	carbon-carbon lyase activity	ENSXMAG00000011729	aldoca
GO:0016832	0.0127621315295491	96.2738095238095	0.0128284198840508	1	8	aldehyde-lyase activity	ENSXMAG00000011729	aldoca
GO:0017154	0.0190866609134196	61.2348484848485	0.0192426298260762	1	12	semaphorin receptor activity	ENSXMAG00000017769	PLXNA2
GO:0046983	0.0206641731653043	10.4054937867888	0.226100900456396	2	141	protein dimerization activity	ENSXMAG00000016981,ENSXMAG00000020141	mespba,FERD3L
