GOCCID	Pvalue	OddsRatio	ExpCount	Count	Size	Term	GENEID_list	GENENAME_list
GO:0030027	0.0168845629807637	11.0915032679739	0.200728332119446	2	26	lamellipodium	ENSXMAG00000004492,ENSXMAG00000013289	arhgef7b,inppl1b
GO:0031252	0.0361267858463658	7.18071012188659	0.30109249817917	2	39	cell leading edge	ENSXMAG00000004492,ENSXMAG00000013289	arhgef7b,inppl1b
GO:0033017	0.0305320935515505	43.6474358974359	0.0308812818645302	1	4	sarcoplasmic reticulum membrane	ENSXMAG00000005755	ATP2A3
