GOCCID	Pvalue	OddsRatio	ExpCount	Count	Size	Term	GENEID_list	GENENAME_list
GO:0016020	0.0399410360942083	6.72184105202973	4.08448652585579	7	3505	membrane	ENSXMAG00000015543,ENSXMAG00000020218,ENSXMAG00000008218,ENSXMAG00000011573,ENSXMAG00000015741,ENSXMAG00000017297,ENSXMAG00000020222	OTOF,lpar5b,tm4sf21b,sv2ba,oprd1b,exorh,or15.37
GO:0030054	0.0386698590108054	7.97818181818182	0.322796795338674	2	277	cell junction	ENSXMAG00000015543,ENSXMAG00000011573	OTOF,sv2ba
GO:0045202	0.0168901733291546	12.6534090909091	0.207428987618354	2	178	synapse	ENSXMAG00000015543,ENSXMAG00000011573	OTOF,sv2ba
GO:0098793	0.0423337963519131	27.0674603174603	0.0431172614712309	1	37	presynapse	ENSXMAG00000015543	OTOF
