GOMFID	Pvalue	OddsRatio	ExpCount	Count	Size	Term	GENEID_list	GENENAME_list
GO:0004888	0.00139488171794503	11.6857360793288	0.543974343160232	4	441	transmembrane signaling receptor activity	ENSXMAG00000020218,ENSXMAG00000015741,ENSXMAG00000017297,ENSXMAG00000020222	lpar5b,oprd1b,exorh,or15.37
GO:0004930	0.000231438253006324	19.2521525215252	0.33921302578019	4	275	G protein-coupled receptor activity	ENSXMAG00000020218,ENSXMAG00000015741,ENSXMAG00000017297,ENSXMAG00000020222	lpar5b,oprd1b,exorh,or15.37
GO:0004984	0.00860580024840196	149.833333333333	0.00863451338349574	1	7	olfactory receptor activity	ENSXMAG00000020222	or15.37
GO:0004985	0.00369639845797431	449.722222222222	0.00370050573578389	1	3	G protein-coupled opioid receptor activity	ENSXMAG00000015741	oprd1b
GO:0009881	0.0232036498180717	49.8703703703704	0.0234365363266313	1	19	photoreceptor activity	ENSXMAG00000017297	exorh
GO:0038023	0.00219366645108421	10.2604588394062	0.614283952140126	4	498	signaling receptor activity	ENSXMAG00000020218,ENSXMAG00000015741,ENSXMAG00000017297,ENSXMAG00000020222	lpar5b,oprd1b,exorh,or15.37
GO:0060089	0.00219366645108421	10.2604588394062	0.614283952140126	4	498	molecular transducer activity	ENSXMAG00000020218,ENSXMAG00000015741,ENSXMAG00000017297,ENSXMAG00000020222	lpar5b,oprd1b,exorh,or15.37
