GOCCID	Pvalue	OddsRatio	ExpCount	Count	Size	Term	GENEID_list	GENENAME_list
GO:0005634	0.0346399548895092	1.59817888427847	18.4402039329934	26	1472	nucleus	ENSXMAG00000008198,ENSXMAG00000015603,ENSXMAG00000001429,ENSXMAG00000002339,ENSXMAG00000006493,ENSXMAG00000011456,ENSXMAG00000018644,ENSXMAG00000000563,ENSXMAG00000005844,ENSXMAG00000005859,ENSXMAG00000012903,ENSXMAG00000013622,ENSXMAG00000013789,ENSXMAG00000014733,ENSXMAG00000019810,ENSXMAG00000019811,ENSXMAG00000019885,ENSXMAG00000001986,ENSXMAG00000004998,ENSXMAG00000005537,ENSXMAG00000008241,ENSXMAG00000011082,ENSXMAG00000011464,ENSXMAG00000011650,ENSXMAG00000019151,ENSXMAG00000019447	NR4A2,dmrt2a,cbx8a,nr1d4b,NCOA2,rev1,luc7l,wdr55,SMU1,ZNFX1,hlfa,irx4b,HNRNPLL,eif3eb,foxq1b,mafaa,snrnp35,npm1b,ppil4,prdm12b,etv7,crym,nr1d4a,nme4,hnrnpd,SOX1
GO:0005788	0.0231024220567893	9.47058823529412	0.238018936635106	2	19	endoplasmic reticulum lumen	ENSXMAG00000012036,ENSXMAG00000005672	P4HA3,hspa5
GO:0005921	0.0304634855560822	8.04642857142857	0.275600873998543	2	22	gap junction	ENSXMAG00000005269,ENSXMAG00000014427	gja1b,GJA10
GO:0005922	0.0186729625203293	10.7365079365079	0.212964311726147	2	17	connexin complex	ENSXMAG00000005269,ENSXMAG00000014427	gja1b,GJA10
GO:0030027	0.0415056594667771	6.70138888888889	0.32571012381646	2	26	lamellipodium	ENSXMAG00000001948,ENSXMAG00000011650	snx1a,nme4
GO:0031672	0.0371184420627246	39.8647058823529	0.0375819373634377	1	3	A band	ENSXMAG00000007077	unc45b
GO:0071540	0.0125273124544792	Inf	0.0125273124544792	1	1	eukaryotic translation initiation factor 3 complex, eIF3e	ENSXMAG00000014733	eif3eb
