GOCCID	Pvalue	OddsRatio	ExpCount	Count	Size	Term	GENEID_list	GENENAME_list
GO:0016442	0.00727058811545322	284.958333333333	0.00728332119446468	1	25	RISC complex	ENSXMAG00000020483	mir140
GO:0031332	0.00727058811545322	284.958333333333	0.00728332119446468	1	25	RNAi effector complex	ENSXMAG00000020483	mir140
