GOCCID	Pvalue	OddsRatio	ExpCount	Count	Size	Term	GENEID_list	GENENAME_list
GO:0005890	0.0079883399307058	171.25	0.00801165331391114	1	5	sodium:potassium-exchanging ATPase complex	ENSXMAG00000011811	atp1b2b
GO:0090533	0.0079883399307058	171.25	0.00801165331391114	1	5	cation-transporting ATPase complex	ENSXMAG00000011811	atp1b2b
GO:0098533	0.0079883399307058	171.25	0.00801165331391114	1	5	ATPase dependent transmembrane transport complex	ENSXMAG00000011811	atp1b2b
